{
  "Ansi 7 Color (Light)" : {
    "Red Component" : 0.75686275959014893,
    "Color Space" : "sRGB",
    "Blue Component" : 0.83137255907058716,
    "Alpha Component" : 1,
    "Green Component" : 0.75294119119644165
  },
  "Ansi 15 Color (Light)" : {
    "Red Component" : 0.7921568751335144,
    "Color Space" : "sRGB",
    "Blue Component" : 0.86666667461395264,
    "Alpha Component" : 1,
    "Green Component" : 0.78823530673980713
  },
  "Ansi 2 Color (Light)" : {
    "Red Component" : 0.56470590829849243,
    "Color Space" : "sRGB",
    "Blue Component" : 0.62352943420410156,
    "Alpha Component" : 1,
    "Green Component" : 0.72549021244049072
  },
  "Bold Color" : {
    "Red Component" : 0.062745101749897003,
    "Color Space" : "sRGB",
    "Blue Component" : 0.062745101749897003,
    "Alpha Component" : 1,
    "Green Component" : 0.062745101749897003
  },
  "Ansi 1 Color (Dark)" : {
    "Red Component" : 0.96078431606292725,
    "Color Space" : "sRGB",
    "Blue Component" : 0.56862747669219971,
    "Alpha Component" : 1,
    "Green Component" : 0.63137257099151611
  },
  "Use Bright Bold" : true,
  "Ansi 9 Color (Light)" : {
    "Red Component" : 1,
    "Color Space" : "sRGB",
    "Blue Component" : 0.62352943420410156,
    "Alpha Component" : 1,
    "Green Component" : 0.68235296010971069
  },
  "Ansi 8 Color (Dark)" : {
    "Red Component" : 0.20784313976764679,
    "Color Space" : "sRGB",
    "Blue Component" : 0.22352941334247589,
    "Alpha Component" : 1,
    "Green Component" : 0.20784313976764679
  },
  "Background Color" : {
    "Red Component" : 0.97999999999999998,
    "Color Space" : "sRGB",
    "Blue Component" : 0.97999999999999998,
    "Alpha Component" : 1,
    "Green Component" : 0.97999999999999998
  },
  "Columns" : 80,
  "Ansi 8 Color" : {
    "Red Component" : 0.40781760215759277,
    "Color Space" : "sRGB",
    "Blue Component" : 0.4078223705291748,
    "Alpha Component" : 1,
    "Green Component" : 0.40782788395881653
  },
  "Right Option Key Sends" : 2,
  "Ansi 4 Color (Light)" : {
    "Red Component" : 0.67450982332229614,
    "Color Space" : "sRGB",
    "Blue Component" : 0.81176471710205078,
    "Alpha Component" : 1,
    "Green Component" : 0.63137257099151611
  },
  "Blinking Cursor" : false,
  "Space" : -1,
  "Selected Text Color (Light)" : {
    "Red Component" : 0.75686275959014893,
    "Color Space" : "sRGB",
    "Blue Component" : 0.83137255907058716,
    "Alpha Component" : 1,
    "Green Component" : 0.75294119119644165
  },
  "Selected Text Color (Dark)" : {
    "Red Component" : 0.75686275959014893,
    "Color Space" : "sRGB",
    "Blue Component" : 0.83137255907058716,
    "Alpha Component" : 1,
    "Green Component" : 0.75294119119644165
  },
  "Ansi 3 Color (Dark)" : {
    "Red Component" : 0.90196079015731812,
    "Color Space" : "sRGB",
    "Blue Component" : 0.61568629741668701,
    "Alpha Component" : 1,
    "Green Component" : 0.72549021244049072
  },
  "Keyboard Map" : {
    "0xd-0x100000-0x24" : {
      "Version" : 2,
      "Apply Mode" : 0,
      "Action" : 26,
      "Text" : "EE063CCC-BDA8-4BDA-AF13-F0A00636340B",
      "Escaping" : 2
    }
  },
  "Visual Bell" : true,
  "Only The Default BG Color Uses Transparency" : true,
  "Cursor Text Color" : {
    "Red Component" : 1,
    "Color Space" : "sRGB",
    "Blue Component" : 1,
    "Alpha Component" : 1,
    "Green Component" : 1
  },
  "Scrollback Lines" : 1000,
  "Selection Color (Light)" : {
    "Red Component" : 0.16470588743686676,
    "Color Space" : "sRGB",
    "Blue Component" : 0.17647059261798859,
    "Alpha Component" : 1,
    "Green Component" : 0.16470588743686676
  },
  "Ansi 0 Color" : {
    "Red Component" : 0.078431375324726105,
    "Color Space" : "sRGB",
    "Blue Component" : 0.11764705926179886,
    "Alpha Component" : 1,
    "Green Component" : 0.098039217293262482
  },
  "Match Background Color (Dark)" : {
    "Red Component" : 0.99697142839431763,
    "Color Space" : "P3",
    "Blue Component" : 0.32116127014160156,
    "Alpha Component" : 1,
    "Green Component" : 0.98600882291793823
  },
  "Ansi 11 Color (Light)" : {
    "Red Component" : 0.94117647409439087,
    "Color Space" : "sRGB",
    "Blue Component" : 0.66274511814117432,
    "Alpha Component" : 1,
    "Green Component" : 0.77254903316497803
  },
  "Ansi 5 Color (Dark)" : {
    "Red Component" : 0.88627451658248901,
    "Color Space" : "sRGB",
    "Blue Component" : 0.7921568751335144,
    "Alpha Component" : 1,
    "Green Component" : 0.61960786581039429
  },
  "Cursor Text Color (Light)" : {
    "Red Component" : 0.086274512112140656,
    "Color Space" : "sRGB",
    "Blue Component" : 0.090196080505847931,
    "Alpha Component" : 1,
    "Green Component" : 0.086274512112140656
  },
  "Silence Bell" : false,
  "Rows" : 25,
  "Guid" : "EE063CCC-BDA8-4BDA-AF13-F0A00636340B",
  "Ansi 14 Color (Dark)" : {
    "Red Component" : 0.96078431606292725,
    "Color Space" : "sRGB",
    "Blue Component" : 0.69803923368453979,
    "Alpha Component" : 1,
    "Green Component" : 0.56862747669219971
  },
  "Ansi 15 Color (Dark)" : {
    "Red Component" : 0.7921568751335144,
    "Color Space" : "sRGB",
    "Blue Component" : 0.86666667461395264,
    "Alpha Component" : 1,
    "Green Component" : 0.78823530673980713
  },
  "Ansi 0 Color (Dark)" : {
    "Red Component" : 0.15294118225574493,
    "Color Space" : "sRGB",
    "Blue Component" : 0.16470588743686676,
    "Alpha Component" : 1,
    "Green Component" : 0.15294118225574493
  },
  "Ambiguous Double Width" : false,
  "Option Key Sends" : 2,
  "Ansi 3 Color" : {
    "Red Component" : 0.78058648109436035,
    "Color Space" : "sRGB",
    "Blue Component" : 0,
    "Alpha Component" : 1,
    "Green Component" : 0.76959484815597534
  },
  "Window Type" : 12,
  "BM Growl" : true,
  "Prompt Before Closing 2" : false,
  "Command" : "",
  "Left Option Key Changeable" : false,
  "Selected Text Color" : {
    "Red Component" : 0,
    "Color Space" : "sRGB",
    "Blue Component" : 0,
    "Alpha Component" : 1,
    "Green Component" : 0
  },
  "Ansi 14 Color (Light)" : {
    "Red Component" : 0.96078431606292725,
    "Color Space" : "sRGB",
    "Blue Component" : 0.69803923368453979,
    "Alpha Component" : 1,
    "Green Component" : 0.56862747669219971
  },
  "Cursor Guide Color (Dark)" : {
    "Red Component" : 0.10588235408067703,
    "Color Space" : "sRGB",
    "Blue Component" : 0.11372549086809158,
    "Alpha Component" : 1,
    "Green Component" : 0.10588235408067703
  },
  "Blend" : 0.49797559306569344,
  "ASCII Ligatures" : true,
  "Send Code When Idle" : false,
  "Ansi 6 Color" : {
    "Red Component" : 0,
    "Color Space" : "sRGB",
    "Blue Component" : 0.78166204690933228,
    "Alpha Component" : 1,
    "Green Component" : 0.77425903081893921
  },
  "Jobs to Ignore" : [
    "rlogin",
    "ssh",
    "slogin",
    "telnet"
  ],
  "Badge Color (Dark)" : {
    "Red Component" : 0.94117647409439087,
    "Color Space" : "sRGB",
    "Blue Component" : 0.66274511814117432,
    "Alpha Component" : 0.5,
    "Green Component" : 0.77254903316497803
  },
  "Cursor Color" : {
    "Red Component" : 0,
    "Color Space" : "sRGB",
    "Blue Component" : 0,
    "Alpha Component" : 1,
    "Green Component" : 0
  },
  "Vertical Spacing" : 1,
  "Disable Window Resizing" : true,
  "Close Sessions On End" : true,
  "Selection Color (Dark)" : {
    "Red Component" : 0.16470588743686676,
    "Color Space" : "sRGB",
    "Blue Component" : 0.17647059261798859,
    "Alpha Component" : 1,
    "Green Component" : 0.16470588743686676
  },
  "Default Bookmark" : "No",
  "Foreground Color (Light)" : {
    "Red Component" : 0.78823530673980713,
    "Color Space" : "sRGB",
    "Blue Component" : 0.80392158031463623,
    "Alpha Component" : 1,
    "Green Component" : 0.78039216995239258
  },
  "Custom Command" : "No",
  "Background Color (Dark)" : {
    "Red Component" : 0.086274512112140656,
    "Color Space" : "sRGB",